{"url":"\/","ip":"24.17.82.49","pid":2590,"date":"2014-06-25T16:14:51+00:00","theme_name":"\/nfs\/c06\/h08\/mnt\/89068\/domains\/thedailydrawing.net\/html\/wp-content\/themes\/FoundationPress-Master\/library\/cleanup.php","runtime":{"total":0.50778412818909,"wordpress":0.12800312042236,"theme":0.05594277381897,"plugins":0.080093860626221,"profile":0.23832297325134,"breakdown":{"p3-profiler":0.017605066299438,"akismet":0.014214515686035,"responsive-lightbox":0.0085077285766602,"simple-share-buttons-adder":0.026288032531738,"updraftplus":0.013478517532349}},"memory":6815744,"stacksize":835,"queries":38}
{"url":"\/?s=Drawing","ip":"24.17.82.49","pid":2590,"date":"2014-06-25T16:14:52+00:00","theme_name":"\/nfs\/c06\/h08\/mnt\/89068\/domains\/thedailydrawing.net\/html\/wp-content\/themes\/FoundationPress-Master\/library\/cleanup.php","runtime":{"total":0.45626378059387,"wordpress":0.12093377113342,"theme":0.036793947219849,"plugins":0.094227075576782,"profile":0.20017671585083,"breakdown":{"p3-profiler":0.015098333358765,"akismet":0.013226747512817,"responsive-lightbox":0.010533332824707,"simple-share-buttons-adder":0.041995048522949,"updraftplus":0.013373613357544}},"memory":16777216,"stacksize":650,"queries":36}
